case_n_substeps,timestep,substep,process,value,n_substeps,sub_dt
0,,,diffusion_change,0.0,,
0,,,uplift_change,0.00014000000000000001,,
0,,,diffusion_change,1.45e-05,,
0,,,uplift_change,0.00014000000000000004,,
0,,,diffusion_change,2.68e-05,,
0,,,uplift_change,0.00014000000000000004,,
0,,,diffusion_change,3.730625e-05,,
0,,,uplift_change,0.00014000000000000004,,
0,,,diffusion_change,4.6339625e-05,,
0,,,uplift_change,0.00014000000000000004,,
0,,,diffusion_change,5.415535312500001e-05,,
0,,,uplift_change,0.00014000000000000004,,
0,,,diffusion_change,6.0957841562499964e-05,,
0,,,uplift_change,0.00014000000000000004,,
0,,,diffusion_change,6.691188892968747e-05,,
0,,,uplift_change,0.00014000000000000004,,
0,,,diffusion_change,7.215121887617197e-05,,
0,,,uplift_change,0.00014000000000000004,,
0,,,diffusion_change,7.678501638677736e-05,,
0,,,uplift_change,0.00014000000000000004,,
0,,,diffusion_change,8.090296609507329e-05,,
0,,,uplift_change,0.00014000000000000004,,
0,,,diffusion_change,8.45791603785532e-05,,
0,,,uplift_change,0.00014000000000000004,,
0,,,diffusion_change,8.787514958460713e-05,,
0,,,uplift_change,0.00013999999999999993,,
0,,,diffusion_change,9.084233718764092e-05,,
0,,,uplift_change,0.00013999999999999993,,
0,,,diffusion_change,9.352387173793019e-05,,
0,,,uplift_change,0.00013999999999999993,,
0,,,diffusion_change,9.595614996418768e-05,,
0,,,uplift_change,0.00013999999999999993,,
0,,,diffusion_change,9.817001764455126e-05,,
0,,,uplift_change,0.00013999999999999993,,
0,,,diffusion_change,0.00010019173422031596,,
0,,,uplift_change,0.00013999999999999993,,
0,,,diffusion_change,0.00010204375169045273,,
0,,,uplift_change,0.00013999999999999993,,
0,,,diffusion_change,0.00010374534671808147,,
0,,,uplift_change,0.00013999999999999993,,
0,,,diffusion_change,0.00010531313610503902,,
0,,,uplift_change,0.00013999999999999993,,
0,,,diffusion_change,0.00010676149912050006,,
0,,,uplift_change,0.00014000000000000015,,
0,,,diffusion_change,0.00010810292507196814,,
0,,,uplift_change,0.00014000000000000015,,
0,,,diffusion_change,0.00010934830059023846,,
0,,,uplift_change,0.00013999999999999993,,
0,,,diffusion_change,0.00011050714807471951,,
0,,,uplift_change,0.00014000000000000015,,
0,,,diffusion_change,0.00011158782439676528,,
0,,,uplift_change,0.00013999999999999993,,
0,,,diffusion_change,0.00011259768712592916,,
0,,,uplift_change,0.00013999999999999993,,
0,,,diffusion_change,0.00011354323410688559,,
0,,,uplift_change,0.00013999999999999993,,
0,,,diffusion_change,0.00011443022108240455,,
0,,,uplift_change,0.00013999999999999993,,
0,,,diffusion_change,0.00011526376116141905,,
0,,,uplift_change,0.00013999999999999993,,
0,,,diffusion_change,0.00011604840921850793,,
0,,,uplift_change,0.00013999999999999993,,
0,,,diffusion_change,0.00011678823374195488,,
0,,,uplift_change,0.00013999999999999993,,
0,,,diffusion_change,0.00011748687819111638,,
0,,,uplift_change,0.00013999999999999993,,
0,,,diffusion_change,0.000118147613556315,,
0,,,uplift_change,0.00013999999999999993,,
0,,,diffusion_change,0.00011877338351742135,,
0,,,uplift_change,0.00013999999999999993,,
0,,,diffusion_change,0.00011936684335625363,,
0,,,uplift_change,0.00013999999999999993,,
0,,,diffusion_change,0.00011993039358165736,,
0,,,uplift_change,0.00013999999999999993,,
0,,,diffusion_change,0.00012046620906574633,,
0,,,uplift_change,0.00013999999999999993,,
0,,,diffusion_change,0.00012097626435827622,,
0,,,uplift_change,0.00013999999999999993,,
0,,,diffusion_change,0.00012146235573795485,,
0,,,uplift_change,0.00013999999999999993,,
0,,,diffusion_change,0.00012192612047021178,,
0,,,uplift_change,0.00013999999999999993,,
0,,,diffusion_change,0.00012236905366707143,,
0,,,uplift_change,0.00013999999999999993,,
0,,,diffusion_change,0.00012279252308341408,,
0,,,uplift_change,0.00013999999999999993,,
0,,,diffusion_change,0.00012319778213284007,,
0,,,uplift_change,0.00013999999999999993,,
0,,,diffusion_change,0.00012358598136370043,,
0,,,uplift_change,0.00014000000000000015,,
0,,,diffusion_change,0.00012395817860015547,,
0,,,uplift_change,0.00013999999999999993,,
0,,,diffusion_change,0.00012431534792314782,,
0,,,uplift_change,0.00014000000000000015,,
0,,,diffusion_change,0.00012465838764095182,,
0,,,uplift_change,0.00014000000000000015,,
0,,,diffusion_change,0.0001249881273776819,,
0,,,uplift_change,0.00014000000000000015,,
0,,,diffusion_change,0.00012530533439013085,,
0,,,uplift_change,0.00014000000000000015,,
0,,,diffusion_change,0.00012561071920806264,,
0,,,uplift_change,0.00014000000000000015,,
0,,,diffusion_change,0.00012590494068009765,,
0,,,uplift_change,0.00013999999999999993,,
0,,,diffusion_change,0.00012618861049629474,,
0,,,uplift_change,0.00013999999999999993,,
0,,,diffusion_change,0.00012646229724909072,,
0,,,uplift_change,0.00013999999999999993,,
0,,,diffusion_change,0.0001267265300862034,,
0,,,uplift_change,0.00013999999999999993,,
0,,,diffusion_change,0.0001269818020021747,,
0,,,uplift_change,0.00013999999999999993,,
0,,,diffusion_change,0.00012722857280929312,,
0,,,uplift_change,0.00013999999999999993,,
0,,,diffusion_change,0.00012746727182351468,,
0,,,uplift_change,0.00013999999999999993,,
0,,,diffusion_change,0.00012769830029659085,,
0,,,uplift_change,0.00013999999999999993,,
0,,,diffusion_change,0.00012792203362179408,,
0,,,uplift_change,0.00013999999999999993,,
0,,,diffusion_change,0.0001281388233373244,,
0,,,uplift_change,0.00013999999999999993,,
0,,,diffusion_change,0.0001283489989486195,,
0,,,uplift_change,0.00013999999999999993,,
0,,,diffusion_change,0.00012855286958828992,,
0,,,uplift_change,0.00013999999999999993,,
0,,,diffusion_change,0.00012875072553024045,,
0,,,uplift_change,0.00013999999999999993,,
0,,,diffusion_change,0.00012894283957263141,,
0,,,uplift_change,0.00013999999999999993,,
0,,,diffusion_change,0.00012912946830269086,,
0,,,uplift_change,0.00014000000000000037,,
0,,,diffusion_change,0.00012931085325493296,,
0,,,uplift_change,0.00014000000000000037,,
0,,,diffusion_change,0.0001294872219730625,,
0,,,uplift_change,0.00014000000000000037,,
0,,,diffusion_change,0.00012965878898474077,,
0,,,uplift_change,0.00013999999999999993,,
0,,,diffusion_change,0.00012982575669739102,,
0,,,uplift_change,0.00013999999999999993,,
0,,,diffusion_change,0.00012998831622236485,,
0,,,uplift_change,0.00014000000000000037,,
0,,,diffusion_change,0.00013014664813402674,,
0,,,uplift_change,0.00014000000000000037,,
0,,,diffusion_change,0.0001303009231696287,,
0,,,uplift_change,0.00014000000000000037,,
0,,,diffusion_change,0.00013045130287525717,,
0,,,uplift_change,0.00014000000000000037,,
0,,,diffusion_change,0.0001305979402026012,,
0,,,uplift_change,0.00014000000000000037,,
0,,,diffusion_change,0.00013074098006081534,,
0,,,uplift_change,0.00014000000000000037,,
0,,,diffusion_change,0.00013088055982733802,,
0,,,uplift_change,0.00014000000000000037,,
0,,,diffusion_change,0.000131016809821141,,
0,,,uplift_change,0.00014000000000000037,,
0,,,diffusion_change,0.000131149853741568,,
0,,,uplift_change,0.00014000000000000037,,
0,,,diffusion_change,0.0001312798090756049,,
0,,,uplift_change,0.00014000000000000037,,
0,,,diffusion_change,0.00013140678747617643,,
0,,,uplift_change,0.00014000000000000037,,
0,,,diffusion_change,0.0001315308951138055,,
0,,,uplift_change,0.00014000000000000037,,
0,,,diffusion_change,0.00013165223300377026,,
0,,,uplift_change,0.00014000000000000037,,
0,,,diffusion_change,0.0001317708973107047,,
0,,,uplift_change,0.00014000000000000037,,
0,,,diffusion_change,0.0001318869796323994,,
0,,,uplift_change,0.00014000000000000037,,
0,,,diffusion_change,0.00013200056726441877,,
0,,,uplift_change,0.00014000000000000037,,
0,,,diffusion_change,0.00013211174344700607,,
0,,,uplift_change,0.00014000000000000037,,
0,,,diffusion_change,0.0001322205875956147,,
0,,,uplift_change,0.00014000000000000037,,
0,,,diffusion_change,0.00013232717551629877,,
0,,,uplift_change,0.00014000000000000037,,
0,,,diffusion_change,0.00013243157960708945,,
0,,,uplift_change,0.00014000000000000037,,
0,,,diffusion_change,0.00013253386904638325,,
0,,,uplift_change,0.00014000000000000037,,
0,,,diffusion_change,0.00013263410996929058,,
0,,,uplift_change,0.00014000000000000037,,
0,,,diffusion_change,0.00013273236563281915,,
0,,,uplift_change,0.00014000000000000037,,
0,,,diffusion_change,0.00013282869657068024,,
0,,,uplift_change,0.00014000000000000037,,
0,,,diffusion_change,0.0001329231607384595,,
0,,,uplift_change,0.00014000000000000037,,
0,,,diffusion_change,0.0001330158136498322,,
0,,,uplift_change,0.00014000000000000037,,
0,,,diffusion_change,0.00013310670850443136,,
0,,,uplift_change,0.00014000000000000037,,
0,,,diffusion_change,0.0001331958963079658,,
0,,,uplift_change,0.00014000000000000037,,
0,,,diffusion_change,0.0001332834259850954,,
0,,,uplift_change,0.00014000000000000037,,
0,,,diffusion_change,0.00013336934448557195,,
0,,,uplift_change,0.00014000000000000037,,
0,,,diffusion_change,0.0001334536968840899,,
0,,,uplift_change,0.00014000000000000037,,
0,,,diffusion_change,0.00013353652647426616,,
0,,,uplift_change,0.00014000000000000037,,
0,,,diffusion_change,0.0001336178748571398,,
0,,,uplift_change,0.00014000000000000037,,
0,,,diffusion_change,0.00013369778202455265,,
0,,,uplift_change,0.00014000000000000037,,
0,,,diffusion_change,0.0001337762864377372,,
0,,,uplift_change,0.00014000000000000037,,
0,,,diffusion_change,0.0001338534251014282,,
0,,,uplift_change,0.00014000000000000037,,
0,,,diffusion_change,0.00013392923363378167,,
0,,,uplift_change,0.00014000000000000037,,
0,,,diffusion_change,0.00013400374633236933,,
0,,,uplift_change,0.00014000000000000037,,
0,,,diffusion_change,0.0001340769962364938,,
0,,,uplift_change,0.00014000000000000037,,
0,,,diffusion_change,0.00013414901518605735,,
0,,,uplift_change,0.00014000000000000037,,
0,,,diffusion_change,0.00013421983387719829,,
0,,,uplift_change,0.00014000000000000037,,
0,,,diffusion_change,0.00013428948191489612,,
0,,,uplift_change,0.00014000000000000037,,
0,,,diffusion_change,0.00013435798786272553,,
0,,,uplift_change,0.00014000000000000037,,
0,,,diffusion_change,0.00013442537928994112,,
0,,,uplift_change,0.00014000000000000037,,
0,,,diffusion_change,0.0001344916828160494,,
0,,,uplift_change,0.00014000000000000037,,
0,,,diffusion_change,0.00013455692415301852,,
0,,,uplift_change,0.00014000000000000037,,
0,,,diffusion_change,0.0001346211281452697,,
0,,,uplift_change,0.00014000000000000037,,
0,,,diffusion_change,0.0001346843188075801,,
0,,,uplift_change,0.00014000000000000037,,
0,,,diffusion_change,0.00013474651936102103,,
0,,,uplift_change,0.00014000000000000037,,
0,,,diffusion_change,0.00013480775226704404,,
0,,,uplift_change,0.00014000000000000037,,
0,,,diffusion_change,0.0001348680392598274,,
0,,,uplift_change,0.00014000000000000037,,
0,,,diffusion_change,0.00013492740137697806,,
0,,,uplift_change,0.00014000000000000037,,
0,,,diffusion_change,0.00013498585898868726,,
0,,,uplift_change,0.00014000000000000037,,
0,,,diffusion_change,0.00013504343182542617,,
0,,,uplift_change,0.00014000000000000037,,
0,,,diffusion_change,0.00013510013900426467,,
0,,,uplift_change,0.00014000000000000037,,
0,,,diffusion_change,0.00013515599905389352,,
0,,,uplift_change,0.00014000000000000037,,
0,,,diffusion_change,0.0001352110299384147,,
0,,,uplift_change,0.00014000000000000037,,
0,,,diffusion_change,0.00013526524907998003,,
0,,,uplift_change,0.00014000000000000037,,
0,,,diffusion_change,0.00013531867338033212,,
0,,,uplift_change,0.00014000000000000037,,
0,,,diffusion_change,0.00013537131924131049,,
0,,,uplift_change,0.00014000000000000037,,
0,,,diffusion_change,0.00013542320258438326,,
0,,,uplift_change,0.00014000000000000037,,
0,,,diffusion_change,0.00013547433886925298,,
0,,,uplift_change,0.00014000000000000037,,
0,,,diffusion_change,0.00013552474311158674,,
0,,,uplift_change,0.00014000000000000037,,
0,,,diffusion_change,0.00013557442989992194,,
0,,,uplift_change,0.00014000000000000037,,
0,,,diffusion_change,0.00013562341341178492,,
0,,,uplift_change,0.00014000000000000037,,
0,,,diffusion_change,0.0001356717074290719,,
0,,,uplift_change,0.00014000000000000037,,
0,,,diffusion_change,0.00013571932535272248,,
0,,,uplift_change,0.00014000000000000037,,
0,,,diffusion_change,0.0001357662802167316,,
0,,,uplift_change,0.00014000000000000037,,
0,,,diffusion_change,0.000135812584701528,,
0,,,uplift_change,0.00014000000000000037,,
0,,,diffusion_change,0.000135858251146754,,
0,,,uplift_change,0.00014000000000000037,,
0,,,diffusion_change,0.00013590329156347837,,
0,,,uplift_change,0.00014000000000000037,,
0,,,diffusion_change,0.0001359477176458711,,
0,,,uplift_change,0.00014000000000000037,,
0,,,diffusion_change,0.00013599154078236574,,
0,,,uplift_change,0.00014000000000000037,,
0,,,diffusion_change,0.00013603477206633723,,
0,,,uplift_change,0.00014000000000000037,,
0,,,diffusion_change,0.00013607742230631716,,
0,,,uplift_change,0.00014000000000000037,,
0,,,diffusion_change,0.00013611950203577371,,
0,,,uplift_change,0.00014000000000000037,,
0,,,diffusion_change,0.00013616102152247444,,
0,,,uplift_change,0.00014000000000000037,,
0,,,diffusion_change,0.00013620199077745082,,
0,,,uplift_change,0.00014000000000000037,,
0,,,diffusion_change,0.00013624241956359173,,
0,,,uplift_change,0.00014000000000000037,,
0,,,diffusion_change,0.00013628231740387374,,
0,,,uplift_change,0.00014000000000000037,,
0,,,diffusion_change,0.00013632169358925635,,
0,,,uplift_change,0.00014000000000000037,,
0,,,diffusion_change,0.0001363605571862484,,
0,,,uplift_change,0.00014000000000000037,,
0,,,diffusion_change,0.00013639891704416872,,
0,,,uplift_change,0.00014000000000000037,,
0,,,diffusion_change,0.00013643678180211283,,
0,,,uplift_change,0.00014000000000000037,,
0,,,diffusion_change,0.0001364741598956381,,
0,,,uplift_change,0.00014000000000000037,,
0,,,diffusion_change,0.00013651105956318616,,
0,,,uplift_change,0.00014000000000000037,,
0,,,diffusion_change,0.00013654748885224503,,
0,,,uplift_change,0.00014000000000000037,,
0,,,diffusion_change,0.0001365834556252771,,
0,,,uplift_change,0.00014000000000000037,,
0,,,diffusion_change,0.0001366189675654065,,
0,,,uplift_change,0.00014000000000000037,,
0,,,diffusion_change,0.00013665403218189424,,
0,,,uplift_change,0.00014000000000000037,,
0,,,diffusion_change,0.00013668865681539964,,
0,,,uplift_change,0.00014000000000000037,,
0,,,diffusion_change,0.00013672284864303837,,
0,,,uplift_change,0.00014000000000000037,,
0,,,diffusion_change,0.00013675661468325485,,
0,,,uplift_change,0.00014000000000000037,,
0,,,diffusion_change,0.00013678996180050557,,
0,,,uplift_change,0.00014000000000000037,,
0,,,diffusion_change,0.00013682289670977066,,
0,,,uplift_change,0.00014000000000000037,,
0,,,diffusion_change,0.00013685542598089765,,
0,,,uplift_change,0.00014000000000000037,,
0,,,diffusion_change,0.0001368875560427852,,
0,,,uplift_change,0.00014000000000000037,,
0,,,diffusion_change,0.000136919293187415,,
0,,,uplift_change,0.00014000000000000037,,
0,,,diffusion_change,0.00013695064357373493,,
0,,,uplift_change,0.00014000000000000037,,
0,,,diffusion_change,0.0001369816132314049,,
0,,,uplift_change,0.00014000000000000037,,
0,,,diffusion_change,0.00013701220806440874,,
0,,,uplift_change,0.00014000000000000037,,
0,,,diffusion_change,0.00013704243385453604,,
0,,,uplift_change,0.00014000000000000037,,
0,,,diffusion_change,0.00013707229626474344,,
0,,,uplift_change,0.00014000000000000037,,
0,,,diffusion_change,0.00013710180084239862,,
0,,,uplift_change,0.00014000000000000037,,
0,,,diffusion_change,0.00013713095302240758,,
0,,,uplift_change,0.00014000000000000037,,
0,,,diffusion_change,0.0001371597581302413,,
0,,,uplift_change,0.00014000000000000037,,
0,,,diffusion_change,0.00013718822138485088,,
0,,,uplift_change,0.00014000000000000037,,
0,,,diffusion_change,0.0001372163479014918,,
0,,,uplift_change,0.00014000000000000037,,
0,,,diffusion_change,0.00013724414269444558,,
0,,,uplift_change,0.00014000000000000037,,
0,,,diffusion_change,0.0001372716106796553,,
0,,,uplift_change,0.00014000000000000037,,
0,,,diffusion_change,0.00013729875667727173,,
0,,,uplift_change,0.00014000000000000037,,
0,,,diffusion_change,0.00013732558541411583,,
0,,,uplift_change,0.00014000000000000037,,
0,,,diffusion_change,0.0001373521015260587,,
0,,,uplift_change,0.00014000000000000037,,
0,,,diffusion_change,0.00013737830956033013,,
0,,,uplift_change,0.00014000000000000037,,
0,,,diffusion_change,0.00013740421397774247,,
0,,,uplift_change,0.00014000000000000037,,
0,,,diffusion_change,0.00013742981915485517,,
0,,,uplift_change,0.00014000000000000037,,
0,,,diffusion_change,0.00013745512938605946,,
0,,,uplift_change,0.00014000000000000037,,
0,,,diffusion_change,0.00013748014888560495,,
0,,,uplift_change,0.00014000000000000037,,
0,,,diffusion_change,0.000137504881789559,,
0,,,uplift_change,0.00014000000000000037,,
0,,,diffusion_change,0.0001375293321577058,,
0,,,uplift_change,0.00014000000000000037,,
0,,,diffusion_change,0.00013755350397538606,,
0,,,uplift_change,0.00014000000000000037,,
0,,,diffusion_change,0.000137577401155282,,
0,,,uplift_change,0.00014000000000000037,,
0,,,diffusion_change,0.00013760102753914523,,
0,,,uplift_change,0.00014000000000000037,,
0,,,diffusion_change,0.00013762438689947582,,
0,,,uplift_change,0.00014000000000000037,,
0,,,diffusion_change,0.00013764748294114526,,
0,,,uplift_change,0.00014000000000000037,,
0,,,diffusion_change,0.00013767031930297805,,
0,,,uplift_change,0.00014000000000000037,,
0,,,diffusion_change,0.00013769289955928125,,
0,,,uplift_change,0.00014000000000000037,,
0,,,diffusion_change,0.00013771522722132818,,
0,,,uplift_change,0.00014000000000000037,,
0,,,diffusion_change,0.00013773730573880512,,
0,,,uplift_change,0.00014000000000000037,,
0,,,diffusion_change,0.00013775913850120778,,
0,,,uplift_change,0.00014000000000000037,,
0,,,diffusion_change,0.00013778072883920307,,
0,,,uplift_change,0.00014000000000000037,,
0,,,diffusion_change,0.00013780208002595008,,
0,,,uplift_change,0.00014000000000000037,,
0,,,diffusion_change,0.00013782319527838247,,
0,,,uplift_change,0.00014000000000000037,,
0,,,diffusion_change,0.00013784407775845574,,
0,,,uplift_change,0.00014000000000000037,,
0,,,diffusion_change,0.00013786473057435982,,
0,,,uplift_change,0.00014000000000000037,,
0,,,diffusion_change,0.00013788515678169475,,
0,,,uplift_change,0.00014000000000000037,,
0,,,diffusion_change,0.00013790535938461908,,
0,,,uplift_change,0.00014000000000000037,,
0,,,diffusion_change,0.00013792534133696098,,
0,,,uplift_change,0.00014000000000000037,,
0,,,diffusion_change,0.00013794510554330196,,
0,,,uplift_change,0.00014000000000000037,,
0,,,diffusion_change,0.0001379646548600312,,
0,,,uplift_change,0.00014000000000000037,,
0,,,diffusion_change,0.00013798399209636984,,
0,,,uplift_change,0.00014000000000000037,,
0,,,diffusion_change,0.0001380031200153677,,
0,,,uplift_change,0.00014000000000000037,,
0,,,diffusion_change,0.00013802204133487673,,
0,,,uplift_change,0.00014000000000000037,,
0,,,diffusion_change,0.0001380407587284931,,
0,,,uplift_change,0.00014000000000000037,,
0,,,diffusion_change,0.00013805927482647912,,
0,,,uplift_change,0.00014000000000000037,,
0,,,diffusion_change,0.00013807759221665713,,
0,,,uplift_change,0.00014000000000000037,,
0,,,diffusion_change,0.0001380957134452859,,
0,,,uplift_change,0.00014000000000000037,,
0,,,diffusion_change,0.00013811364101790633,,
0,,,uplift_change,0.00014000000000000037,,
0,,,diffusion_change,0.00013813137740017198,,
0,,,uplift_change,0.00014000000000000037,,
0,,,diffusion_change,0.00013814892501865525,,
0,,,uplift_change,0.00014000000000000037,,
0,,,diffusion_change,0.00013816628626163322,,
0,,,uplift_change,0.00014000000000000037,,
0,,,diffusion_change,0.0001381834634798548,,
0,,,uplift_change,0.00014000000000000037,,
0,,,diffusion_change,0.0001382004589872885,,
0,,,uplift_change,0.00014000000000000037,,
0,,,diffusion_change,0.00013821727506184824,,
0,,,uplift_change,0.00014000000000000037,,
0,,,diffusion_change,0.0001382339139461065,,
0,,,uplift_change,0.00014000000000000037,,
0,,,diffusion_change,0.00013825037784798546,,
0,,,uplift_change,0.00014000000000000037,,
0,,,diffusion_change,0.0001382666689414341,,
0,,,uplift_change,0.00014000000000000037,,
0,,,diffusion_change,0.00013828278936708514,,
0,,,uplift_change,0.00014000000000000037,,
0,,,diffusion_change,0.00013829874123289995,,
0,,,uplift_change,0.00014000000000000037,,
0,,,diffusion_change,0.00013831452661479653,,
0,,,uplift_change,0.00014000000000000037,,
0,,,diffusion_change,0.000138330147557261,,
0,,,uplift_change,0.00014000000000000037,,
0,,,diffusion_change,0.00013834560607394516,,
0,,,uplift_change,0.00014000000000000037,,
0,,,diffusion_change,0.00013836090414825163,,
0,,,uplift_change,0.00014000000000000037,,
0,,,diffusion_change,0.00013837604373390273,,
0,,,uplift_change,0.00014000000000000037,,
0,,,diffusion_change,0.00013839102675549742,,
0,,,uplift_change,0.00014000000000000037,,
0,,,diffusion_change,0.00013840585510905374,,
0,,,uplift_change,0.00014000000000000037,,
0,,,diffusion_change,0.00013842053066254146,,
0,,,uplift_change,0.00014000000000000037,,
0,,,diffusion_change,0.0001384350552563994,,
0,,,uplift_change,0.00014000000000000037,,
0,,,diffusion_change,0.00013844943070404157,,
0,,,uplift_change,0.00014000000000000037,,
0,,,diffusion_change,0.0001384636587923537,,
0,,,uplift_change,0.00014000000000000037,,
0,,,diffusion_change,0.0001384777412821751,,
0,,,uplift_change,0.00014000000000000037,,
0,,,diffusion_change,0.00013849167990877351,,
0,,,uplift_change,0.00014000000000000037,,
0,,,diffusion_change,0.00013850547638230527,,
0,,,uplift_change,0.00014000000000000037,,
0,,,diffusion_change,0.00013851913238826846,,
0,,,uplift_change,0.00014000000000000037,,
0,,,diffusion_change,0.00013853264958794314,,
0,,,uplift_change,0.00014000000000000037,,
0,,,diffusion_change,0.000138546029618825,,
0,,,uplift_change,0.00014000000000000037,,
0,,,diffusion_change,0.00013855927409504648,,
0,,,uplift_change,0.00014000000000000037,,
0,,,diffusion_change,0.00013857238460778876,,
0,,,uplift_change,0.00014000000000000037,,
0,,,diffusion_change,0.00013858536272568812,,
0,,,uplift_change,0.00014000000000000037,,
0,,,diffusion_change,0.00013859820999522973,,
0,,,uplift_change,0.00014000000000000037,,
0,,,diffusion_change,0.00013861092794113404,,
0,,,uplift_change,0.00014000000000000037,,
0,,,diffusion_change,0.0001386235180667354,,
0,,,uplift_change,0.00014000000000000037,,
0,,,diffusion_change,0.0001386359818543524,,
0,,,uplift_change,0.00014000000000000037,,
0,,,diffusion_change,0.00013864832076565005,,
0,,,uplift_change,0.00014000000000000037,,
0,,,diffusion_change,0.0001386605362419936,,
0,,,uplift_change,0.00014000000000000037,,
0,,,diffusion_change,0.00013867262970479683,,
0,,,uplift_change,0.00014000000000000037,,
0,,,diffusion_change,0.00013868460255585984,,
0,,,uplift_change,0.00014000000000000037,,
0,,,diffusion_change,0.00013869645617770434,,
0,,,uplift_change,0.00014000000000000037,,
0,,,diffusion_change,0.00013870819193389627,,
0,,,uplift_change,0.00014000000000000037,,
0,,,diffusion_change,0.00013871981116936804,,
0,,,uplift_change,0.00014000000000000037,,
0,,,diffusion_change,0.00013873131521072645,,
0,,,uplift_change,0.00014000000000000037,,
0,,,diffusion_change,0.00013874270536656363,,
0,,,uplift_change,0.00014000000000000037,,
0,,,diffusion_change,0.00013875398292775192,,
0,,,uplift_change,0.00014000000000000037,,
0,,,diffusion_change,0.00013876514916774055,,
0,,,uplift_change,0.00014000000000000037,,
0,,,diffusion_change,0.00013877620534284143,,
0,,,uplift_change,0.00014000000000000037,,
0,,,diffusion_change,0.00013878715269251187,,
0,,,uplift_change,0.00014000000000000037,,
0,,,diffusion_change,0.00013879799243963,,
0,,,uplift_change,0.00014000000000000037,,
0,,,diffusion_change,0.00013880872579076498,,
0,,,uplift_change,0.00014000000000000037,,
0,,,diffusion_change,0.00013881935393644232,,
0,,,uplift_change,0.00014000000000000037,,
0,,,diffusion_change,0.0001388298780514042,,
0,,,uplift_change,0.00014000000000000037,,
0,,,diffusion_change,0.00013884029929486352,,
0,,,uplift_change,0.00014000000000000037,,
0,,,diffusion_change,0.00013885061881075333,,
0,,,uplift_change,0.00014000000000000037,,
0,,,diffusion_change,0.00013886083772797226,,
0,,,uplift_change,0.00014000000000000037,,
0,,,diffusion_change,0.0001388709571606239,,
0,,,uplift_change,0.00014000000000000037,,
0,,,diffusion_change,0.00013888097820825146,,
0,,,uplift_change,0.00014000000000000037,,
0,,,diffusion_change,0.00013889090195607062,,
0,,,uplift_change,0.00014000000000000037,,
0,,,diffusion_change,0.00013890072947519289,,
0,,,uplift_change,0.00014000000000000037,,
0,,,diffusion_change,0.00013891046182285026,,
0,,,uplift_change,0.00014000000000000037,,
0,,,diffusion_change,0.00013892010004261032,,
0,,,uplift_change,0.00014000000000000037,,
0,,,diffusion_change,0.00013892964516459176,,
0,,,uplift_change,0.00014000000000000037,,
0,,,diffusion_change,0.00013893909820567214,,
0,,,uplift_change,0.00014000000000000037,,
0,,,diffusion_change,0.0001389484601696943,,
0,,,uplift_change,0.00014000000000000037,,
0,,,diffusion_change,0.00013895773204766803,,
0,,,uplift_change,0.00014000000000000037,,
0,,,diffusion_change,0.0001389669148179674,,
0,,,uplift_change,0.00014000000000000037,,
0,,,diffusion_change,0.00013897600944652502,,
0,,,uplift_change,0.00014000000000000037,,
0,,,diffusion_change,0.00013898501688702249,,
0,,,uplift_change,0.00014000000000000037,,
0,,,diffusion_change,0.0001389939380810768,,
0,,,uplift_change,0.00014000000000000037,,
0,,,diffusion_change,0.00013900277395842518,,
0,,,uplift_change,0.00014000000000000037,,
0,,,diffusion_change,0.0001390115254371032,,
0,,,uplift_change,0.00014000000000000037,,
0,,,diffusion_change,0.0001390201934236236,,
0,,,uplift_change,0.00014000000000000037,,
0,,,diffusion_change,0.0001390287788131479,,
0,,,uplift_change,0.00014000000000000037,,
0,,,diffusion_change,0.00013903728248965824,,
0,,,uplift_change,0.00014000000000000037,,
0,,,diffusion_change,0.0001390457053261243,,
0,,,uplift_change,0.00014000000000000037,,
0,,,diffusion_change,0.00013905404818466676,,
0,,,uplift_change,0.00014000000000000037,,
0,,,diffusion_change,0.00013906231191672,,
0,,,uplift_change,0.00014000000000000037,,
0,,,diffusion_change,0.00013907049736318865,,
0,,,uplift_change,0.00014000000000000037,,
0,,,diffusion_change,0.00013907860535460536,,
0,,,uplift_change,0.00014000000000000037,,
0,,,diffusion_change,0.00013908663671128143,,
0,,,uplift_change,0.00014000000000000037,,
0,,,diffusion_change,0.00013909459224345803,,
0,,,uplift_change,0.00014000000000000037,,
0,,,diffusion_change,0.00013910247275145376,,
0,,,uplift_change,0.00014000000000000037,,
0,,,diffusion_change,0.0,,
0,,,uplift_change,0.0007000000000000001,,
0,,,diffusion_change,0.0002965000000000001,,
0,,,uplift_change,0.0007000000000000001,,
0,,,diffusion_change,0.00042450750000000014,,
0,,,uplift_change,0.0007000000000000002,,
0,,,diffusion_change,0.0004938065749999999,,
0,,,uplift_change,0.0007000000000000003,,
0,,,diffusion_change,0.0005364886713437502,,
0,,,uplift_change,0.0007000000000000003,,
0,,,diffusion_change,0.0005651719248773437,,
0,,,uplift_change,0.0007000000000000003,,
0,,,diffusion_change,0.0005856844775224423,,
0,,,uplift_change,0.0007000000000000003,,
0,,,diffusion_change,0.0006010482111439347,,
0,,,uplift_change,0.0007000000000000001,,
0,,,diffusion_change,0.0006129738992055674,,
0,,,uplift_change,0.0007000000000000001,,
0,,,diffusion_change,0.0006224984466339926,,
0,,,uplift_change,0.0007000000000000003,,
0,,,diffusion_change,0.0006302849666316415,,
0,,,uplift_change,0.0007000000000000001,,
0,,,diffusion_change,0.0006367760280282129,,
0,,,uplift_change,0.0007000000000000001,,
0,,,diffusion_change,0.0006422773686797596,,
0,,,uplift_change,0.0007000000000000001,,
0,,,diffusion_change,0.0006470062788077558,,
0,,,uplift_change,0.0007000000000000001,,
0,,,diffusion_change,0.0006511209199970129,,
0,,,uplift_change,0.0007000000000000001,,
0,,,diffusion_change,0.000654738809516222,,
0,,,uplift_change,0.0007000000000000001,,
0,,,diffusion_change,0.0006579488659105867,,
0,,,uplift_change,0.0007000000000000001,,
0,,,diffusion_change,0.0006608194790717514,,
0,,,uplift_change,0.0007000000000000001,,
0,,,diffusion_change,0.0006634040443871977,,
0,,,uplift_change,0.0007000000000000001,,
0,,,diffusion_change,0.0006657448339124996,,
0,,,uplift_change,0.0007000000000000005,,
0,,,diffusion_change,0.0006678757510986018,,
0,,,uplift_change,0.0007000000000000005,,
0,,,diffusion_change,0.0006698243208110312,,
0,,,uplift_change,0.0007000000000000005,,
0,,,diffusion_change,0.0006716131464388165,,
0,,,uplift_change,0.0007000000000000001,,
0,,,diffusion_change,0.0006732609899937642,,
0,,,uplift_change,0.0007000000000000001,,
0,,,diffusion_change,0.0006747835819157525,,
0,,,uplift_change,0.0007000000000000001,,
0,,,diffusion_change,0.0006761942347592474,,
0,,,uplift_change,0.0007000000000000001,,
0,,,diffusion_change,0.0006775043130173518,,
0,,,uplift_change,0.0007000000000000001,,
0,,,diffusion_change,0.0006787235963417178,,
0,,,uplift_change,0.0007000000000000001,,
0,,,diffusion_change,0.0006798605630120558,,
0,,,uplift_change,0.0007000000000000005,,
0,,,diffusion_change,0.0006809226132020551,,
0,,,uplift_change,0.0007000000000000001,,
0,,,diffusion_change,0.0006819162464007248,,
0,,,uplift_change,0.0007000000000000001,,
0,,,diffusion_change,0.0006828472036282006,,
0,,,uplift_change,0.0007000000000000001,,
0,,,diffusion_change,0.0006837205823933532,,
0,,,uplift_change,0.0007000000000000001,,
0,,,diffusion_change,0.0006845409303764074,,
0,,,uplift_change,0.0007000000000000001,,
0,,,diffusion_change,0.0006853123223752988,,
0,,,uplift_change,0.0007000000000000001,,
0,,,diffusion_change,0.0006860384239842018,,
0,,,uplift_change,0.0007000000000000001,,
0,,,diffusion_change,0.0006867225446739633,,
0,,,uplift_change,0.0007000000000000001,,
0,,,diffusion_change,0.0006873676823440848,,
0,,,uplift_change,0.0007000000000000001,,
0,,,diffusion_change,0.0006879765609619408,,
0,,,uplift_change,0.0007000000000000001,,
0,,,diffusion_change,0.0006885516625593255,,
0,,,uplift_change,0.0007000000000000001,,
0,,,diffusion_change,0.0006890952545915816,,
0,,,uplift_change,0.0007000000000000001,,
0,,,diffusion_change,0.0006896094134603357,,
0,,,uplift_change,0.0007000000000000001,,
0,,,diffusion_change,0.0006900960448423606,,
0,,,uplift_change,0.0007000000000000001,,
0,,,diffusion_change,0.0006905569013433421,,
0,,,uplift_change,0.0007000000000000001,,
0,,,diffusion_change,0.0006909935978980592,,
0,,,uplift_change,0.0007000000000000001,,
0,,,diffusion_change,0.0006914076252615988,,
0,,,uplift_change,0.0007000000000000001,,
0,,,diffusion_change,0.0006918003618750874,,
0,,,uplift_change,0.0007000000000000001,,
0,,,diffusion_change,0.0006921730843404577,,
0,,,uplift_change,0.0007000000000000001,,
0,,,diffusion_change,0.0006925269766993821,,
0,,,uplift_change,0.0007000000000000001,,
0,,,diffusion_change,0.0006928631386796062,,
0,,,uplift_change,0.0007000000000000001,,
0,,,diffusion_change,0.0006931825930459228,,
0,,,uplift_change,0.0007000000000000001,,
0,,,diffusion_change,0.00069348629217177,,
0,,,uplift_change,0.0007000000000000001,,
0,,,diffusion_change,0.0006937751239299099,,
0,,,uplift_change,0.0007000000000000001,,
0,,,diffusion_change,0.0006940499169861532,,
0,,,uplift_change,0.0007000000000000001,,
0,,,diffusion_change,0.000694311445568026,,
0,,,uplift_change,0.0007000000000000001,,
0,,,diffusion_change,0.000694560433770218,,
0,,,uplift_change,0.0007000000000000001,,
0,,,diffusion_change,0.0006947975594501425,,
0,,,uplift_change,0.0007000000000000001,,
0,,,diffusion_change,0.0006950234577598573,,
0,,,uplift_change,0.0007000000000000001,,
0,,,diffusion_change,0.0006952387243544834,,
0,,,uplift_change,0.0007000000000000001,,
0,,,diffusion_change,0.0006954439183121564,,
0,,,uplift_change,0.0007000000000000001,,
0,,,diffusion_change,0.0,,
0,,,uplift_change,0.0014000000000000002,,
0,,,diffusion_change,0.0008543237500000002,,
0,,,uplift_change,0.0014000000000000004,,
0,,,diffusion_change,0.001075449355105469,,
0,,,uplift_change,0.0014000000000000002,,
0,,,diffusion_change,0.0011727075668228676,,
0,,,uplift_change,0.0014000000000000002,,
0,,,diffusion_change,0.0012267693586280736,,
0,,,uplift_change,0.0014000000000000002,,
0,,,diffusion_change,0.0012611186711940572,,
0,,,uplift_change,0.0014000000000000006,,
0,,,diffusion_change,0.0012849443682294806,,
0,,,uplift_change,0.0014000000000000006,,
0,,,diffusion_change,0.0013025323249588646,,
0,,,uplift_change,0.0014000000000000002,,
0,,,diffusion_change,0.0013161233838444079,,
0,,,uplift_change,0.0014000000000000002,,
0,,,diffusion_change,0.0013269896005754485,,
0,,,uplift_change,0.0014000000000000002,,
0,,,diffusion_change,0.0013359018193074583,,
0,,,uplift_change,0.0014000000000000002,,
0,,,diffusion_change,0.0013433537603516111,,
0,,,uplift_change,0.0014000000000000002,,
0,,,diffusion_change,0.001349677313964619,,
0,,,uplift_change,0.0014000000000000004,,
0,,,diffusion_change,0.0013551052315814317,,
0,,,uplift_change,0.0014000000000000002,,
0,,,diffusion_change,0.0013598068358450818,,
0,,,uplift_change,0.0014000000000000002,,
0,,,diffusion_change,0.0013639092225787765,,
0,,,uplift_change,0.0014000000000000002,,
0,,,diffusion_change,0.001367510341091525,,
0,,,uplift_change,0.0014000000000000002,,
0,,,diffusion_change,0.0013706873599677776,,
0,,,uplift_change,0.0014000000000000002,,
0,,,diffusion_change,0.001373502201710022,,
0,,,uplift_change,0.0014000000000000002,,
0,,,diffusion_change,0.0013760053213207318,,
0,,,uplift_change,0.0014000000000000002,,
0,,,diffusion_change,0.001378238361349249,,
0,,,uplift_change,0.0014000000000000002,,
0,,,diffusion_change,0.0013802360665254383,,
0,,,uplift_change,0.0014000000000000002,,
0,,,diffusion_change,0.001382027696682255,,
0,,,uplift_change,0.0014000000000000002,,
0,,,diffusion_change,0.0013836380908198525,,
0,,,uplift_change,0.0014000000000000002,,
0,,,diffusion_change,0.001385088482804409,,
0,,,uplift_change,0.0014000000000000002,,
0,,,diffusion_change,0.0013863971364456175,,
0,,,uplift_change,0.0014000000000000002,,
0,,,diffusion_change,0.0013875798467018405,,
0,,,uplift_change,0.0014000000000000002,,
0,,,diffusion_change,0.0013886503399774507,,
0,,,uplift_change,0.0014000000000000002,,
0,,,diffusion_change,0.0013896205972179438,,
0,,,uplift_change,0.0014000000000000002,,
0,,,diffusion_change,0.0013905011171544694,,
0,,,uplift_change,0.0014000000000000002,,
0,,,diffusion_change,0.0,,
0,,,uplift_change,0.0035,,
0,,,diffusion_change,0.0028326142441225588,,
0,,,uplift_change,0.0035000000000000005,,
0,,,diffusion_change,0.003153547948540206,,
0,,,uplift_change,0.0035000000000000005,,
0,,,diffusion_change,0.003274690056429887,,
0,,,uplift_change,0.0035000000000000005,,
0,,,diffusion_change,0.003339970101442882,,
0,,,uplift_change,0.0035,,
0,,,diffusion_change,0.003381377930331046,,
0,,,uplift_change,0.0035000000000000005,,
0,,,diffusion_change,0.0034098849814597617,,
0,,,uplift_change,0.0035000000000000005,,
0,,,diffusion_change,0.0034304292512239033,,
0,,,uplift_change,0.0034999999999999996,,
0,,,diffusion_change,0.003445666138250444,,
0,,,uplift_change,0.0035000000000000005,,
0,,,diffusion_change,0.0034571925446809136,,
0,,,uplift_change,0.0035000000000000005,,
0,,,diffusion_change,0.003466039871950659,,
0,,,uplift_change,0.0035000000000000005,,
0,,,diffusion_change,0.003472907233792462,,
0,,,uplift_change,0.0035000000000000005,,
0,,,diffusion_change,0.0,,
0,,,uplift_change,0.007,,
0,,,diffusion_change,0.006307574076628637,,
0,,,uplift_change,0.007000000000000001,,
0,,,diffusion_change,0.006680080704222236,,
0,,,uplift_change,0.007000000000000001,,
0,,,diffusion_change,0.006819843543072354,,
0,,,uplift_change,0.007000000000000001,,
0,,,diffusion_change,0.006891378591771161,,
0,,,uplift_change,0.007,,
0,,,diffusion_change,0.00693211080253523,,
0,,,uplift_change,0.007000000000000001,,
